{
  "llama2": {
    "transplant": 0.013381389599994454,
    "ci": [
      -0.021148631152536353,
      0.047896936075354085
    ],
    "toward": 1.0,
    "transplant_toward_en": 0.013381389599994454,
    "midlatin": 0.7728324637054375,
    "gap_en": 0.12476573969432138,
    "gap_tgt": -0.008787176029325678
  },
  "swallow": {
    "transplant": -0.026995335909329395,
    "ci": [
      -0.08258671296137254,
      0.027761654924751078
    ],
    "toward": 1.0,
    "transplant_toward_en": -0.026995335909329395,
    "midlatin": 0.5644967530571914,
    "gap_en": 0.21675518154046888,
    "gap_tgt": -0.02428325155788722
  },
  "llm_jp": {
    "transplant": 0.0033156151295406742,
    "ci": [
      -0.07545976906666085,
      0.07946521559631216
    ],
    "toward": -1.0,
    "transplant_toward_en": -0.0033156151295406742,
    "midlatin": 0.1901371199696061,
    "gap_en": -0.03224828895355737,
    "gap_tgt": 0.05650919811450876
  }
}