{
  "llama2_ko": {
    "cka": {
      "0": 0.0,
      "1": 0.1172649934887886,
      "2": 0.11175941675901413,
      "3": 0.11114867031574249,
      "4": 0.15293358266353607,
      "5": 0.20762553811073303,
      "6": 0.42973873019218445,
      "7": 0.5813782811164856,
      "8": 0.6621428728103638,
      "9": 0.7163520455360413,
      "10": 0.7348041534423828,
      "11": 0.7386407256126404,
      "12": 0.7350839972496033,
      "13": 0.7450562715530396,
      "14": 0.7316266894340515,
      "15": 0.764756977558136,
      "16": 0.7474108338356018,
      "17": 0.7113345861434937,
      "18": 0.6909846067428589,
      "19": 0.6809994578361511,
      "20": 0.6641011238098145,
      "21": 0.6472779512405396,
      "22": 0.6260320544242859,
      "23": 0.6046515703201294,
      "24": 0.5923431515693665,
      "25": 0.5804694890975952,
      "26": 0.5702237486839294,
      "27": 0.5633274912834167,
      "28": 0.5526572465896606,
      "29": 0.5407803058624268,
      "30": 0.536060631275177,
      "31": 0.5297315120697021,
      "32": 0.5269543528556824,
      "33": 0.5203825831413269,
      "34": 0.5168583989143372,
      "35": 0.5128475427627563,
      "36": 0.5139655470848083,
      "37": 0.5180228352546692,
      "38": 0.5350987911224365,
      "39": 0.5430406332015991,
      "40": 0.49715739488601685
    },
    "jsd": {
      "0": 0.0,
      "1": 6.560532645953692e-06,
      "2": 3.2456182189472434e-05,
      "3": 4.77974820392898e-05,
      "4": 0.0002054064223849711,
      "5": 0.0003688921796387637,
      "6": 0.0008254906162097925,
      "7": 0.0010501678491631778,
      "8": 0.0013029207398555112,
      "9": 0.001910141306926069,
      "10": 0.0027656816319384884,
      "11": 0.0031726530199103855,
      "12": 0.0038179260191969866,
      "13": 0.004454421575640701,
      "14": 0.006138731445225749,
      "15": 0.010044249767487513,
      "16": 0.017331043160820857,
      "17": 0.02372404356058751,
      "18": 0.03317218512685618,
      "19": 0.054355764030514016,
      "20": 0.0717550125699873,
      "21": 0.10783365666668615,
      "22": 0.18160833103273885,
      "23": 0.23796950842061756,
      "24": 0.2671233305409672,
      "25": 0.29869321306047736,
      "26": 0.3114614332410658,
      "27": 0.310118965592377,
      "28": 0.3975352207280476,
      "29": 0.39584934190982196,
      "30": 0.3961840345965867,
      "31": 0.42697163657107196,
      "32": 0.4370894328805084,
      "33": 0.48773223301725543,
      "34": 0.5144740197040885,
      "35": 0.5534503520849943,
      "36": 0.5524149450793943,
      "37": 0.43061484984674553,
      "38": 0.13571435675691187,
      "39": 0.058364855350961406,
      "40": 3.5350064069396746e-05
    },
    "latin_ja": {
      "0": 0.8094982504844666,
      "1": 0.1663688297932636,
      "2": 0.1657939692566678,
      "3": 0.1647238334019979,
      "4": 0.7977469851230753,
      "5": 0.7985919693420673,
      "6": 0.8028732985829028,
      "7": 0.8033989186031152,
      "8": 0.8069430436667812,
      "9": 0.8121425767511243,
      "10": 0.798197788982099,
      "11": 0.7943876753364943,
      "12": 0.7888734290426261,
      "13": 0.7911712831007567,
      "14": 0.7962880897339276,
      "15": 0.7941028395831813,
      "16": 0.7816803128783274,
      "17": 0.7964864437150773,
      "18": 0.7989972674526931,
      "19": 0.7739711723565141,
      "20": 0.7627454126018217,
      "21": 0.7605299412975823,
      "22": 0.7544793888526858,
      "23": 0.7500026511506559,
      "24": 0.7373218310290369,
      "25": 0.7548048879908419,
      "26": 0.7616401853689289,
      "27": 0.7595282332878917,
      "28": 0.7757192903779933,
      "29": 0.781736380866661,
      "30": 0.7647683341270206,
      "31": 0.7345693467106399,
      "32": 0.6978094782037981,
      "33": 0.6229904665401156,
      "34": 0.5428093154388355,
      "35": 0.33336796451501494,
      "36": 0.24550279760946228,
      "37": 0.07922070927543458,
      "38": 0.019973782849214687,
      "39": 0.0001393515735546572,
      "40": 0.01625372999315632
    },
    "japanese_ja": {
      "0": 0.026202615350484848,
      "1": 0.005540614558740394,
      "2": 0.00558784485783899,
      "3": 0.00567653137205661,
      "4": 0.02733813234251635,
      "5": 0.027444530100030003,
      "6": 0.026866200312229863,
      "7": 0.02698481384257989,
      "8": 0.026701527292629652,
      "9": 0.02628857766053286,
      "10": 0.02711683379796644,
      "11": 0.027491722025790775,
      "12": 0.02722351151782577,
      "13": 0.02773813319827833,
      "14": 0.02768891565840677,
      "15": 0.02807047127628292,
      "16": 0.028836293034505283,
      "17": 0.027808756703132643,
      "18": 0.026624998201748136,
      "19": 0.028267542191984497,
      "20": 0.02760749594931771,
      "21": 0.026261692623649295,
      "22": 0.025602800723868224,
      "23": 0.022437573781282055,
      "24": 0.02085930050916745,
      "25": 0.024788088251740586,
      "26": 0.02942266538204101,
      "27": 0.03046926168430678,
      "28": 0.020665733853589323,
      "29": 0.02028684673768655,
      "30": 0.031000021866948876,
      "31": 0.030599307774672985,
      "32": 0.021370772728897695,
      "33": 0.0152999770509111,
      "34": 0.011573570943522384,
      "35": 0.003842349519057723,
      "36": 0.002200966541342697,
      "37": 7.542042975751153e-05,
      "38": 1.7397999714846863e-08,
      "39": 1.7058542983951484e-15,
      "40": 3.3284728988553396e-05
    },
    "cka_peak": {
      "layer": 15,
      "value": 0.764756977558136
    },
    "tied": false,
    "num_layers": 40
  },
  "koen": {
    "cka": {
      "0": 0.0,
      "1": 0.14873747527599335,
      "2": 0.15137766301631927,
      "3": 0.15103459358215332,
      "4": 0.09348481148481369,
      "5": 0.3896990418434143,
      "6": 0.7027568817138672,
      "7": 0.7378762364387512,
      "8": 0.7538170218467712,
      "9": 0.7724634408950806,
      "10": 0.7803397178649902,
      "11": 0.7810917496681213,
      "12": 0.770755410194397,
      "13": 0.7745879292488098,
      "14": 0.7664570212364197,
      "15": 0.790796160697937,
      "16": 0.7874911427497864,
      "17": 0.780835747718811,
      "18": 0.7723801732063293,
      "19": 0.7733112573623657,
      "20": 0.776975154876709,
      "21": 0.7693853378295898,
      "22": 0.7703154683113098,
      "23": 0.7643815279006958,
      "24": 0.7579456567764282,
      "25": 0.7561659216880798,
      "26": 0.7513182163238525,
      "27": 0.7433851957321167,
      "28": 0.7392723560333252,
      "29": 0.7327336668968201,
      "30": 0.7297769784927368,
      "31": 0.7268847823143005,
      "32": 0.7232376337051392,
      "33": 0.7148242592811584,
      "34": 0.7091262936592102,
      "35": 0.7034979462623596,
      "36": 0.695578932762146,
      "37": 0.678342878818512,
      "38": 0.6766883730888367,
      "39": 0.6589104533195496,
      "40": 0.669594407081604
    },
    "jsd": {
      "0": 0.0,
      "1": 0.0003636709290739799,
      "2": 0.0005034776745565944,
      "3": 0.0005071268726576313,
      "4": 0.00015891967755235451,
      "5": 0.00036580478551273706,
      "6": 0.0005448654852449359,
      "7": 0.0007305034724970177,
      "8": 0.0011540845618742113,
      "9": 0.001994564133388595,
      "10": 0.002308000953534017,
      "11": 0.0030699527615743187,
      "12": 0.004302270310177063,
      "13": 0.005480407717854366,
      "14": 0.00749863448893886,
      "15": 0.012511576809246054,
      "16": 0.023595083531382982,
      "17": 0.04283267743431369,
      "18": 0.060468533569869136,
      "19": 0.08861974676149603,
      "20": 0.1330703515528064,
      "21": 0.2247038656827956,
      "22": 0.27938280339653365,
      "23": 0.3173760313711641,
      "24": 0.34536691897395494,
      "25": 0.3734369366729245,
      "26": 0.4302023021799276,
      "27": 0.4399947983425682,
      "28": 0.4472763143591225,
      "29": 0.43709596195806144,
      "30": 0.43758529141194336,
      "31": 0.43007583973519087,
      "32": 0.4321401370925581,
      "33": 0.4755532858834482,